
[
  {
    "id": 1,
    "type": "hotel",
    "name": "펫 프렌들리 호텔 서울",
    "address": "서울시 중구",
    "price": 150000,
    "rating": 4.6,
    "amenities": ["펫 어메니티 제공", "펫 전용 수영장", "룸서비스 가능"],
    "image": "/images/accommodations/hotel1.jpg"
  },
  {
    "id": 2,
    "type": "pension",
    "name": "가평 숲속의 댕댕 펜션",
    "address": "경기도 가평군",
    "price": 220000,
    "rating": 4.9,
    "amenities": ["개별 잔디 마당", "반려견 동반 바베큐", "계곡 인접"],
    "image": "/images/accommodations/pension1.jpg"
  },
  {
    "id": 3,
    "type": "resort",
    "name": "제주 펫 리조트",
    "address": "제주도 서귀포시",
    "price": 300000,
    "rating": 4.8,
    "amenities": ["대규모 펫 파크", "펫 동반 레스토랑", "해변 인접"],
    "image": "/images/accommodations/resort1.jpg"
  },
  {
    "id": 4,
    "type": "hanok",
    "name": "경주 한옥 펫 스테이",
    "address": "경상북도 경주시",
    "price": 180000,
    "rating": 4.7,
    "amenities": ["한옥 독채", "마당", "전통 놀이 체험"],
    "image": "/images/accommodations/hanok1.jpg"
  },
  {
    "id": 5,
    "type": "motel",
    "name": "부산 멍비치 모텔",
    "address": "부산시 해운대구",
    "price": 120000,
    "rating": 4.4,
    "amenities": ["해변 1분 거리", "펫 샤워 시설", "루프탑 테라스"],
    "image": "/images/accommodations/motel1.jpg"
  },
  {
    "id": 6,
    "type": "pension",
    "name": "양평 리버뷰 펫 펜션",
    "address": "경기도 양평군",
    "price": 250000,
    "rating": 4.9,
    "amenities": ["리버뷰", "개별 수영장", "펫 드라이룸"],
    "image": "/images/accommodations/pension2.jpg"
  },
  {
    "id": 7,
    "type": "hotel",
    "name": "강릉 펫 오션 호텔",
    "address": "강원도 강릉시",
    "price": 190000,
    "rating": 4.7,
    "amenities": ["오션뷰", "펫 유모차 대여", "해변 산책로"],
    "image": "/images/accommodations/hotel2.jpg"
  },
  {
    "id": 8,
    "type": "pension",
    "name": "포천 힐링 펫 펜션",
    "address": "경기도 포천시",
    "price": 200000,
    "rating": 4.6,
    "amenities": ["산책로", "펫 놀이터", "불멍 가능"],
    "image": "/images/accommodations/pension3.jpg"
  },
  {
    "id": 9,
    "type": "resort",
    "name": "홍천 펫 포레스트 리조트",
    "address": "강원도 홍천군",
    "price": 350000,
    "rating": 4.9,
    "amenities": ["스키장 인접", "펫 동반 곤돌라", "실내 펫 놀이터"],
    "image": "/images/accommodations/resort2.jpg"
  },
  {
    "id": 10,
    "type": "hanok",
    "name": "전주 한옥마을 펫 하우스",
    "address": "전라북도 전주시",
    "price": 160000,
    "rating": 4.5,
    "amenities": ["한옥 체험", "한복 대여", "마당"],
    "image": "/images/accommodations/hanok2.jpg"
  },
  {
    "id": 11,
    "type": "motel",
    "name": "속초 펫 비치 모텔",
    "address": "강원도 속초시",
    "price": 110000,
    "rating": 4.3,
    "amenities": ["해변 바로 앞", "펫 전용 샤워실", "바베큐 가능"],
    "image": "/images/accommodations/motel2.jpg"
  },
  {
    "id": 12,
    "type": "pension",
    "name": "안면도 펫 빌리지",
    "address": "충청남도 태안군",
    "price": 230000,
    "rating": 4.8,
    "amenities": ["독채 펜션", "개별 바베큐", "갯벌 체험"],
    "image": "/images/accommodations/pension4.jpg"
  },
  {
    "id": 13,
    "type": "hotel",
    "name": "인천공항 펫텔",
    "address": "인천시 중구",
    "price": 130000,
    "rating": 4.5,
    "amenities": ["공항 픽업 서비스", "24시간 펫 케어", "장기 투숙 할인"],
    "image": "/images/accommodations/hotel3.jpg"
  },
  {
    "id": 14,
    "type": "pension",
    "name": "거제도 오션 펫 펜션",
    "address": "경상남도 거제시",
    "price": 260000,
    "rating": 4.9,
    "amenities": ["전 객실 오션뷰", "루프탑 수영장", "펫 전용 보트"],
    "image": "/images/accommodations/pension5.jpg"
  },
  {
    "id": 15,
    "type": "resort",
    "name": "평창 펫 월드 리조트",
    "address": "강원도 평창군",
    "price": 320000,
    "rating": 4.8,
    "amenities": ["양떼목장 인접", "펫 스파", "어질리티 시설"],
    "image": "/images/accommodations/resort3.jpg"
  },
  {
    "id": 16,
    "type": "hanok",
    "name": "안동 하회마을 펫 고택",
    "address": "경상북도 안동시",
    "price": 200000,
    "rating": 4.7,
    "amenities": ["고택 체험", "전통 음식", "넓은 마당"],
    "image": "/images/accommodations/hanok3.jpg"
  },
  {
    "id": 17,
    "type": "motel",
    "name": "대구 시티 펫 모텔",
    "address": "대구시 중구",
    "price": 100000,
    "rating": 4.2,
    "amenities": ["시내 중심", "스타일러", "펫 간식 제공"],
    "image": "/images/accommodations/motel3.jpg"
  },
  {
    "id": 18,
    "type": "pension",
    "name": "남해 독일마을 펫 펜션",
    "address": "경상남도 남해군",
    "price": 240000,
    "rating": 4.8,
    "amenities": ["독일마을 인접", "유럽풍 인테리어", "개별 정원"],
    "image": "/images/accommodations/pension6.jpg"
  },
  {
    "id": 19,
    "type": "hotel",
    "name": "대전 펫 캐슬 호텔",
    "address": "대전시 유성구",
    "price": 140000,
    "rating": 4.6,
    "amenities": ["펫 전용 층", "실내 놀이터", "펫 시터 서비스"],
    "image": "/images/accommodations/hotel4.jpg"
  },
  {
    "id": 20,
    "type": "pension",
    "name": "순천만 펫 쉼터",
    "address": "전라남도 순천시",
    "price": 210000,
    "rating": 4.7,
    "amenities": ["순천만 국가정원 인접", "갈대밭 뷰", "자전거 대여"],
    "image": "/images/accommodations/pension7.jpg"
  }
]
