[
  {
    "id": 1,
    "name": "멍뭉 카페",
    "address": "서울시 홍대입구역 3번 출구",
    "phone": "02-5555-6666",
    "rating": 4.5,
    "features": ["대형견 입장 가능", "수제 간식 판매", "야외 테라스"],
    "image": "/images/cafes/cafe1.jpg"
  },
  {
    "id": 2,
    "name": "고양이 다락방",
    "address": "서울시 강남구 강남대로 777",
    "phone": "02-7777-8888",
    "rating": 4.3,
    "features": ["고양이 음료 판매", "조용한 분위기", "보드게임 구비"],
    "image": "/images/cafes/cafe2.jpg"
  }
]