[
  {
    "id": 1,
    "name": "멍멍이 카페",
    "location": "서울 강남구",
    "rating": 4.5,
    "reviewCount": 120,
    "image": "https://images.unsplash.com/photo-1556742523-f2b9c599b39e?q=80&w=2070&auto=format&fit=crop",
    "images": [
      "https://images.unsplash.com/photo-1559925393-8be0ec4767c8?ixlib=rb-4.0.3&ixid=M3wxMjA3fDB8MHxwaG90by1wYWdlfHx8fGVufDB8fHx8fA%3D%3D&auto=format&fit=crop&w=1171&q=80",
      "https://images.unsplash.com/photo-1511920183353-3c7c95a5742a?ixlib=rb-4.0.3&ixid=M3wxMjA3fDB8MHxwaG90by1wYWdlfHx8fGVufDB8fHx8fA%3D%3D&auto=format&fit=crop&w=687&q=80",
      "https://images.unsplash.com/photo-1554118811-1e0d58224f24?ixlib=rb-4.0.3&ixid=M3wxMjA3fDB8MHxwaG90by1wYWdlfHx8fGVufDB8fHx8fA%3D%3D&auto=format&fit=crop&w=1032&q=80"
    ],
    "description": "도심 속 힐링 공간, 멍멍이 카페입니다. 넓은 실내 공간과 야외 테라스에서 반려견과 함께 여유로운 시간을 보내세요.",
    "address": "서울시 강남구 펫 프렌들리 거리 123",
    "phone": "02-123-4567",
    "openingHours": "매일 10:00 - 22:00",
    "amenities": ["Wi-Fi", "반려동물 동반", "야외 좌석", "주차 가능"],
    "specialties": ["수제 강아지 간식", "스페셜티 커피", "브런치"],
    "menu": [
      {"name": "아메리카노", "price": "5,000"},
      {"name": "카페라떼", "price": "5,500"},
      {"name": "멍푸치노", "price": "4,000"}
    ],
    "reviews": [
      { "id": 1, "author": "강아지사랑", "rating": 5, "content": "넓고 깨끗해서 좋았어요! 강아지도 신나게 뛰어놀고, 커피도 맛있네요." },
      { "id": 2, "author": "행복한강집사", "rating": 4, "content": "주말에 갔더니 사람이 좀 많았지만, 야외 좌석이 있어서 괜찮았어요. 멍푸치노 추천!" },
      { "id": 3, "author": "산책왕", "rating": 5, "content": "직원분들이 정말 친절하시고 강아지들을 예뻐해주세요. 또 방문할 예정입니다." }
    ]
  },
  {
    "id": 2,
    "name": "야옹이 다방",
    "location": "서울 마포구",
    "rating": 4.8,
    "reviewCount": 250,
    "image": "https://images.unsplash.com/photo-1517582399529-1a4a2c36a02c?q=80&w=1974&auto=format&fit=crop",
    "images": [
      "https://images.unsplash.com/photo-1517582399529-1a4a2c36a02c?q=80&w=1974&auto=format&fit=crop",
      "https://images.unsplash.com/photo-1549492423-400212a6e194?q=80&w=2070&auto=format&fit=crop"
    ],
    "description": "고양이와 함께하는 조용한 북카페 컨셉의 야옹이 다방입니다. 다양한 책과 맛있는 음료를 즐기며 힐링하세요.",
    "address": "서울시 마포구 고양이 거리 45",
    "phone": "02-987-6543",
    "openingHours": "매일 11:00 - 21:00 (월요일 휴무)",
    "amenities": ["Wi-Fi", "반려동물 동반", "콘센트", "조용한 분위기"],
    "specialties": ["핸드드립 커피", "고양이 모양 디저트"],
    "menu": [
      {"name": "핸드드립 커피", "price": "6,500"},
      {"name": "고양이 마카롱", "price": "3,000"},
      {"name": "캣닢 티", "price": "5,000"}
    ],
    "reviews": [
      { "id": 4, "author": "냥냥펀치", "rating": 5, "content": "조용하고 분위기가 너무 좋아요. 고양이들도 순하고 귀여워요. 힐링하고 갑니다." },
      { "id": 5, "author": "책읽는집사", "rating": 4, "content": "콘센트 자리가 있어서 노트북 작업하기에도 좋네요." }
    ]
  }
,
  {
    "id": 3,
    "name": "퍼피 플레이스",
    "location": "부산 해운대구",
    "rating": 4.7,
    "reviewCount": 88,
    "image": "https://images.unsplash.com/photo-1552053831-71594a27632d?q=80&w=1924&auto=format&fit=crop",
    "images": [
      "https://images.unsplash.com/photo-1552053831-71594a27632d?q=80&w=1924&auto=format&fit=crop",
      "https://images.unsplash.com/photo-1583337130417-3346a1be7dee?q=80&w=1964&auto=format&fit=crop"
    ],
    "description": "해운대 해변 근처에 위치한 퍼피 플레이스입니다. 산책 후 시원한 음료와 함께 휴식을 취하기 좋은 곳입니다.",
    "address": "부산시 해운대구 달맞이길 67",
    "phone": "051-743-8888",
    "openingHours": "매일 09:00 - 23:00",
    "amenities": ["해변 근처", "반려동물 동반", "야외 테라스", "주차 가능"],
    "specialties": ["수제 디저트", "과일 스무디"],
    "menu": [
      {"name": "아메리카노", "price": "5,500"},
      {"name": "딸기 스무디", "price": "7,000"},
      {"name": "강아지 아이스크림", "price": "4,500"}
    ],
    "reviews": [
      { "id": 6, "author": "해운대주민", "rating": 5, "content": "바다 보면서 커피 마실 수 있어서 최고예요. 강아지 아이스크림도 잘 먹네요!" }
    ]
  },
  {
    "id": 4,
    "name": "도심 속 숲",
    "location": "대구 중구",
    "rating": 4.6,
    "reviewCount": 95,
    "image": "https://images.unsplash.com/photo-1505628346881-b72b27e84530?q=80&w=1974&auto=format&fit=crop",
    "images": [
      "https://images.unsplash.com/photo-1505628346881-b72b27e84530?q=80&w=1974&auto=format&fit=crop"
    ],
    "description": "식물로 가득한 인테리어가 특징인 카페입니다. 반려견과 함께 자연 속에서 힐링하는 기분을 느껴보세요.",
    "address": "대구시 중구 동성로 2길 10",
    "phone": "053-252-1010",
    "openingHours": "매일 11:00 - 22:00",
    "amenities": ["Wi-Fi", "반려동물 동반", "실내 정원"],
    "specialties": ["허브티", "비건 베이커리"],
    "menu": [
      {"name": "캐모마일 티", "price": "6,000"},
      {"name": "비건 스콘", "price": "4,500"},
      {"name": "멍푸치노", "price": "4,000"}
    ],
    "reviews": [
      { "id": 7, "author": "식물집사", "rating": 5, "content": "인테리어가 정말 예뻐요. 사진 찍기 좋은 곳!" }
    ]
  },
  {
    "id": 5,
    "name": "루프탑 댕댕",
    "location": "서울 용산구",
    "rating": 4.9,
    "reviewCount": 310,
    "image": "https://images.unsplash.com/photo-1534351450181-ea6f7d165543?q=80&w=2070&auto=format&fit=crop",
    "images": [
      "https://images.unsplash.com/photo-1534351450181-ea6f7d165543?q=80&w=2070&auto=format&fit=crop"
    ],
    "description": "남산타워가 보이는 멋진 뷰를 자랑하는 루프탑 카페입니다. 저녁에는 아름다운 야경과 함께 특별한 시간을 보낼 수 있습니다.",
    "address": "서울시 용산구 이태원로 22",
    "phone": "02-797-5555",
    "openingHours": "평일 13:00 - 23:00, 주말 12:00 - 24:00",
    "amenities": ["루프탑", "반려동물 동반", "야경", "주차 불가"],
    "specialties": ["칵테일", "와인", "핑거푸드"],
    "menu": [
      {"name": "모히토", "price": "12,000"},
      {"name": "하우스 와인", "price": "9,000"},
      {"name": "치즈 플래터", "price": "18,000"}
    ],
    "reviews": [
      { "id": 8, "author": "야경헌터", "rating": 5, "content": "뷰가 정말 환상적입니다. 가격은 좀 있지만 분위기 값이라고 생각해요. 특별한 날 오기 좋아요." }
    ]
  },
  {
    "id": 6,
    "name": "책과 댕댕이",
    "location": "경기도 파주시",
    "rating": 4.8,
    "reviewCount": 150,
    "image": "https://images.unsplash.com/photo-1524511751214-b0a384dd9afe?q=80&w=1974&auto=format&fit=crop",
    "images": [
      "https://images.unsplash.com/photo-1524511751214-b0a384dd9afe?q=80&w=1974&auto=format&fit=crop"
    ],
    "description": "파주 출판단지에 위치한 북카페입니다. 조용한 분위기에서 책을 읽으며 반려견과 함께 시간을 보낼 수 있습니다.",
    "address": "경기도 파주시 회동길 145",
    "phone": "031-955-3333",
    "openingHours": "매일 10:00 - 20:00 (월요일 휴무)",
    "amenities": ["북카페", "반려동물 동반", "조용한 분위기", "주차 가능"],
    "specialties": ["핸드드립 커피", "수제 쿠키"],
    "menu": [
      {"name": "오늘의 핸드드립", "price": "7,000"},
      {"name": "초코칩 쿠키", "price": "3,500"},
      {"name": "멍푸치노", "price": "4,000"}
    ],
    "reviews": [
      { "id": 9, "author": "북웜", "rating": 4, "content": "조용히 책 읽기 좋은 곳. 주말 오후에는 사람이 꽤 있어요." }
    ]
  }
]