[
  {
    "id": 1,
    "boardKey": "free-talk",
    "title": "우리 강아지 첫 산책 후기",
    "content": "오늘 처음으로 우리 골든리트리버 '해피'와 함께 한강공원에 다녀왔어요! 처음엔 무서워했는데 금세 적응하더라구요. 다른 강아지들과도 잘 어울리고 정말 행복해 보였어요.",
    "author_name": "강아지맘",
    "views": 156,
    "likes": 23,
    "created_at": "2024-01-15T10:30:00Z",
    "categoryKey": "free-talk"
  },
  {
    "id": 2,
    "boardKey": "pet-showcase",
    "title": "우리 고양이 '나비' 자랑해요!",
    "content": "3개월 된 우리 나비예요. 너무 귀엽지 않나요? 매일매일 새로운 장난을 치면서 집안을 난장판으로 만들지만 그래도 너무 사랑스러워요 ㅎㅎ",
    "author_name": "나비엄마",
    "views": 234,
    "likes": 45,
    "created_at": "2024-01-14T15:20:00Z",
    "categoryKey": "pet-showcase"
  },
  {
    "id": 3,
    "boardKey": "info-share",
    "title": "강아지 사료 추천 - 알레르기 있는 아이들을 위해",
    "description": "알레르기가 있는 강아지를 키우시는 분들께 도움이 될 만한 사료 정보를 공유합니다.",
    "content": "우리 아이가 알레르기가 심해서 여러 사료를 시도해봤는데, 힐스 z/d가 정말 좋더라구요. 가격은 좀 비싸지만 알레르기 증상이 많이 완화됐어요. 같은 고민 있으신 분들께 추천드려요!",
    "author_name": "알레르기전문가",
    "views": 189,
    "likes": 31,
    "created_at": "2024-01-13T09:15:00Z",
    "categoryKey": "info-share"
  },
  {
    "id": 4,
    "boardKey": "qna",
    "title": "고양이가 갑자기 밥을 안 먹어요",
    "content": "평소에 잘 먹던 우리 고양이가 3일째 사료를 거의 안 먹고 있어요. 물은 마시는데 사료만 안 먹네요. 병원에 가봐야 할까요? 비슷한 경험 있으신 분 조언 부탁드려요.",
    "author_name": "걱정많은집사",
    "views": 98,
    "likes": 12,
    "created_at": "2024-01-12T20:45:00Z",
    "categoryKey": "qna"
  },
  {
    "id": 5,
    "boardKey": "reviews",
    "title": "서울숲 애견동반 카페 '멍멍카페' 후기",
    "content": "서울숲 근처에 있는 멍멍카페에 다녀왔어요! 넓은 실내 공간과 야외 테라스가 있어서 강아지들이 뛰어놀기 좋더라구요. 음료도 맛있고 강아지 간식도 판매해요. 추천합니다!",
    "author_name": "카페탐방러",
    "views": 267,
    "likes": 38,
    "created_at": "2024-01-11T14:30:00Z",
    "categoryKey": "reviews"
  },
  {
    "id": 6,
    "boardKey": "meetups",
    "title": "강남 지역 소형견 모임 멤버 모집",
    "content": "강남 지역에서 소형견 키우시는 분들과 정기 모임을 가지려고 해요. 매주 토요일 오후에 올림픽공원에서 만나서 산책하고 정보도 공유하면 좋을 것 같아요. 관심 있으신 분 댓글 남겨주세요!",
    "author_name": "모임장",
    "views": 145,
    "likes": 19,
    "created_at": "2024-01-10T11:00:00Z",
    "categoryKey": "meetups"
  },
  {
    "id": 7,
    "boardKey": "free-talk",
    "title": "반려동물과 함께하는 겨울나기 팁",
    "content": "추운 겨울, 우리 반려동물들도 추위를 많이 타죠. 실내 온도 관리, 산책 시 주의사항, 겨울철 건강관리 등 제가 알고 있는 팁들을 공유해드릴게요. 모두 따뜻한 겨울 보내세요!",
    "author_name": "겨울준비왕",
    "views": 203,
    "likes": 28,
    "created_at": "2024-01-09T16:20:00Z",
    "categoryKey": "free-talk"
  },
  {
    "id": 8,
    "boardKey": "pet-showcase",
    "title": "우리집 햄스터 '콩이' 일상",
    "content": "작지만 소중한 우리 콩이의 일상을 공유해요. 쳇바퀴 돌리는 모습, 볼에 먹이 저장하는 모습 등등... 작은 동물이지만 정말 사랑스러워요. 햄스터 키우시는 분들 많이 없으시겠지만 공유해봅니다!",
    "author_name": "콩이아빠",
    "views": 87,
    "likes": 15,
    "created_at": "2024-01-08T13:45:00Z",
    "categoryKey": "pet-showcase"
  }
]