[
  {
    "id": 1,
    "name": "스타일 앤 그루밍",
    "address": "서울시 강남구 테헤란로 123",
    "latitude": 37.5088,
    "longitude": 127.0402,
    "rating": 4.8,
    "services": ["전체미용", "스파", "네일케어", "강아지", "고양이"],
    "description": "최고의 스타일리스트들이 제공하는 프리미엄 미용 서비스. 강아지와 고양이 모두 환영합니다.",
    "price": 70000,
    "image": "/images/grooming/grooming1.jpg",
    "images": [
      "/images/grooming/grooming1.jpg",
      "https://picsum.photos/seed/grooming1_1/800/600",
      "https://picsum.photos/seed/grooming1_2/800/600"
    ],
    "operatingHours": { "start": "10:00", "end": "20:00" },
    "phone": "02-1234-5678",
    "priceList": [
      { "service": "목욕", "small": 30000, "medium": 40000, "large": 50000 },
      { "service": "부분 미용", "small": 40000, "medium": 50000, "large": 60000 },
      { "service": "전체 미용", "small": 70000, "medium": 90000, "large": 110000 },
      { "service": "스파", "small": 20000, "medium": 25000, "large": 30000 }
    ],
    "reviews": [
      { "id": 1, "author": "강남견주", "rating": 5, "content": "여기 정말 최고예요! 우리 아이가 완전히 다른 강아지가 됐어요." },
      { "id": 2, "author": "테헤란로냥", "rating": 4, "content": "고양이 미용도 잘해주시네요. 조금 비싸지만 만족합니다." }
    ]
  },
  {
    "id": 2,
    "name": "해피 퍼피 살롱",
    "address": "서울시 마포구 양화로 45",
    "latitude": 37.5525,
    "longitude": 126.9195,
    "rating": 4.6,
    "services": ["목욕", "부분미용", "강아지"],
    "description": "강아지를 위한 편안하고 즐거운 미용 시간. 스트레스 없는 케어를 약속합니다.",
    "price": 50000,
    "image": "/images/grooming/grooming2.jpg",
    "images": [
      "/images/grooming/grooming2.jpg",
      "https://picsum.photos/seed/grooming2_1/800/600"
    ],
    "operatingHours": { "start": "09:00", "end": "19:00" },
    "phone": "02-2345-6789",
    "priceList": [
      { "service": "목욕", "small": 25000, "medium": 35000, "large": 45000 },
      { "service": "부분 미용", "small": 35000, "medium": 45000, "large": 55000 }
    ],
    "reviews": [
      { "id": 1, "author": "해피맘", "rating": 5, "content": "이름처럼 강아지가 정말 행복해해요. 미용사님이 친절하세요." }
    ]
  },
  {
    "id": 3,
    "name": "캣츠 앤 도그스",
    "address": "부산시 해운대구 우동",
    "latitude": 35.1587,
    "longitude": 129.1604,
    "rating": 4.9,
    "services": ["고양이전문", "무마취 미용", "스파", "강아지"],
    "description": "고양이와 강아지 모두를 위한 전문 미용 서비스. 특히 고양이 무마취 미용으로 유명합니다.",
    "price": 85000,
    "image": "/images/grooming/grooming3.jpg",
    "images": [
      "/images/grooming/grooming3.jpg",
      "https://picsum.photos/seed/grooming3_1/800/600",
      "https://picsum.photos/seed/grooming3_2/800/600"
    ],
    "operatingHours": { "start": "11:00", "end": "20:00" },
    "phone": "051-3456-7890",
    "priceList": [
      { "service": "고양이 무마취 목욕", "small": 80000, "medium": 100000, "large": null },
      { "service": "고양이 무마취 전체미용", "small": 120000, "medium": 150000, "large": null },
      { "service": "강아지 전체미용", "small": 60000, "medium": 80000, "large": 100000 }
    ],
    "reviews": [
      { "id": 1, "author": "부산냥집사", "rating": 5, "content": "고양이 무마취 미용은 여기가 최고입니다. 믿고 맡겨요." },
      { "id": 2, "author": "해운대주민", "rating": 5, "content": "우리 냥이 스트레스 안 받고 미용 잘 끝냈어요. 감사합니다!" }
    ]
  },
  {
    "id": 4,
    "name": "퍼피 유치원 & 미용",
    "address": "경기도 성남시 분당구 정자동",
    "latitude": 37.3696,
    "longitude": 127.1127,
    "rating": 4.7,
    "services": ["부분미용", "목욕", "강아지", "스타일링"],
    "description": "유치원과 함께 운영되는 미용실로, 사회성을 기르며 미용도 받을 수 있습니다.",
    "price": 60000,
    "image": "/images/grooming/grooming4.jpg",
    "images": [
      "/images/grooming/grooming4.jpg",
      "https://picsum.photos/seed/grooming4_1/800/600"
    ],
    "operatingHours": { "start": "08:00", "end": "18:00" },
    "phone": "031-4567-8901",
    "priceList": [
      { "service": "유치원 종일반", "small": 30000, "medium": 35000, "large": 40000 },
      { "service": "유치원 + 목욕", "small": 50000, "medium": 60000, "large": 70000 }
    ],
    "reviews": [
      { "id": 1, "author": "분당뽀삐", "rating": 4, "content": "유치원이랑 같이해서 좋아요. 친구들이랑 놀고 뽀송해져서 와요." }
    ]
  },
  {
    "id": 5,
    "name": "더 젠틀 펫",
    "address": "서울시 용산구 이태원동",
    "latitude": 37.5345,
    "longitude": 126.9941,
    "rating": 4.8,
    "services": ["스타일링", "스파", "마사지", "강아지", "네일케어"],
    "description": "프라이빗한 공간에서 진행되는 1:1 맞춤 케어. 반려동물 아로마 테라피 전문.",
    "price": 95000,
    "image": "/images/grooming/grooming5.jpg",
    "images": [
      "/images/grooming/grooming5.jpg",
      "https://picsum.photos/seed/grooming5_1/800/600",
      "https://picsum.photos/seed/grooming5_2/800/600"
    ],
    "operatingHours": { "start": "10:00", "end": "19:00" },
    "phone": "02-5678-9012",
    "priceList": [
      { "service": "프리미엄 스타일링", "small": 95000, "medium": 120000, "large": 150000 },
      { "service": "아로마 스파 & 마사지", "small": 50000, "medium": 60000, "large": 70000 }
    ],
    "reviews": [
      { "id": 1, "author": "이태원프리덤", "rating": 5, "content": "정말 젠틀하게 케어해주셔서 감동받았어요. 가격값 하네요." }
    ]
  },
  {
    "id": 6,
    "name": "멍냥 이발소",
    "address": "대구시 중구 동성로",
    "latitude": 35.8693,
    "longitude": 128.5933,
    "rating": 4.5,
    "services": ["전체미용", "부분미용", "강아지", "고양이"],
    "description": "합리적인 가격과 빠른 미용 서비스. 베테랑 미용사들이 상주하고 있습니다.",
    "price": 45000,
    "image": "/images/grooming/grooming6.jpg",
    "images": [
      "/images/grooming/grooming6.jpg"
    ],
    "operatingHours": { "start": "09:30", "end": "21:00" },
    "phone": "053-6789-0123",
    "priceList": [
      { "service": "강아지 전체미용", "small": 45000, "medium": 55000, "large": 70000 },
      { "service": "고양이 목욕", "small": 50000, "medium": 60000, "large": null }
    ],
    "reviews": [
      { "id": 1, "author": "대구시민", "rating": 4, "content": "가성비 최고! 빠르게 잘 잘라주세요." }
    ]
  },
  {
    "id": 7,
    "name": "펫 스파 팰리스",
    "address": "인천시 연수구 송도동",
    "latitude": 37.3833,
    "longitude": 126.6500,
    "rating": 4.9,
    "services": ["스파", "마사지", "네일케어", "강아지"],
    "description": "최고급 스파 장비와 천연 제품을 사용한 프리미엄 힐링 케어를 제공합니다.",
    "price": 120000,
    "image": "/images/grooming/grooming7.jpg",
    "images": [
      "/images/grooming/grooming7.jpg",
      "https://picsum.photos/seed/grooming7_1/800/600"
    ],
    "operatingHours": { "start": "10:00", "end": "19:00" },
    "phone": "032-7890-1234",
    "priceList": [
      { "service": "VIP 스파 코스", "small": 120000, "medium": 150000, "large": 180000 },
      { "service": "기본 스파", "small": 60000, "medium": 70000, "large": 80000 }
    ],
    "reviews": [
      { "id": 1, "author": "송도맘", "rating": 5, "content": "호텔 스파 부럽지 않아요. 우리 강아지가 호강했네요." }
    ]
  },
  {
    "id": 8,
    "name": "그루밍 박스",
    "address": "광주시 서구 치평동",
    "latitude": 35.1525,
    "longitude": 126.8514,
    "rating": 4.6,
    "services": ["전체미용", "스타일링", "강아지"],
    "description": "트렌디한 스타일을 연출하는 디자인 컷 전문 미용실입니다.",
    "price": 75000,
    "image": "/images/grooming/grooming8.jpg",
    "images": [
      "/images/grooming/grooming8.jpg"
    ],
    "operatingHours": { "start": "10:00", "end": "20:00" },
    "phone": "062-8901-2345",
    "priceList": [
      { "service": "디자인컷", "small": 75000, "medium": 90000, "large": 110000 }
    ],
    "reviews": [
      { "id": 1, "author": "광주멋쟁이", "rating": 5, "content": "인스타에서 보고 찾아갔는데 대만족입니다!" }
    ]
  },
  {
    "id": 9,
    "name": "고양이 세수",
    "address": "서울시 마포구 연남동",
    "latitude": 37.5602,
    "longitude": 126.9269,
    "rating": 5.0,
    "services": ["고양이전문", "무마취 미용", "목욕"],
    "description": "오직 고양이만을 위한, 고양이에 의한 미용 공간. 100% 예약제로 운영됩니다.",
    "price": 100000,
    "image": "/images/grooming/grooming9.jpg",
    "images": [
      "/images/grooming/grooming9.jpg",
      "https://picsum.photos/seed/grooming9_1/800/600"
    ],
    "operatingHours": { "start": "11:00", "end": "19:00" },
    "phone": "02-9012-3456",
    "priceList": [
      { "service": "고양이 무마취 목욕", "small": 100000, "medium": null, "large": null },
      { "service": "고양이 무마취 미용", "small": 150000, "medium": null, "large": null }
    ],
    "reviews": [
      { "id": 1, "author": "연남동고양이", "rating": 5, "content": "사장님이 고양이를 정말 사랑하는게 느껴져요. 안심하고 맡깁니다." },
      { "id": 2, "author": "프로예민러집사", "rating": 5, "content": "우리애가 여기서 처음으로 하악질 안하고 미용했어요ㅠㅠ" }
    ]
  },
  {
    "id": 10,
    "name": "애견미용 24시",
    "address": "서울시 강남구 논현동",
    "latitude": 37.5116,
    "longitude": 127.0326,
    "rating": 4.4,
    "services": ["전체미용", "부분미용", "목욕", "강아지"],
    "description": "24시간 운영으로 언제든지 긴급 미용이 필요할 때 이용 가능합니다.",
    "price": 65000,
    "image": "/images/grooming/grooming10.jpg",
    "images": [
      "/images/grooming/grooming10.jpg"
    ],
    "operatingHours": { "start": "00:00", "end": "24:00" },
    "phone": "02-0123-4567",
    "priceList": [
      { "service": "야간 전체미용", "small": 80000, "medium": 90000, "large": 100000 }
    ],
    "reviews": [
      { "id": 1, "author": "야근러", "rating": 4, "content": "밤늦게 급하게 했는데도 잘해주셨어요. 24시라니 좋네요." }
    ]
  },
  {
    "id": 11,
    "name": "특수동물 케어센터",
    "address": "경기도 고양시 일산서구",
    "latitude": 37.6831,
    "longitude": 126.7611,
    "rating": 4.7,
    "services": ["특수동물", "네일케어", "목욕"],
    "description": "토끼, 기니피그, 페럿 등 특수동물을 위한 전문 미용 및 케어 서비스를 제공합니다.",
    "price": 80000,
    "image": "/images/grooming/grooming11.jpg",
    "images": [
      "/images/grooming/grooming11.jpg"
    ],
    "operatingHours": { "start": "10:00", "end": "18:00" },
    "phone": "031-1234-5678",
    "priceList": [
      { "service": "토끼 미용", "small": 80000, "medium": null, "large": null }
    ],
    "reviews": [
      { "id": 1, "author": "토끼집사", "rating": 5, "content": "특수동물 미용하는 곳 찾기 힘들었는데 드디어 찾았네요!" }
    ]
  },
  {
    "id": 12,
    "name": "뽀송 펫살롱",
    "address": "대전시 유성구 봉명동",
    "latitude": 36.3553,
    "longitude": 127.3421,
    "rating": 4.8,
    "services": ["스파", "부분미용", "강아지", "마사지"],
    "description": "탄산 스파와 허브팩으로 반려동물의 피부 건강까지 생각하는 펫살롱입니다.",
    "price": 70000,
    "image": "/images/grooming/grooming12.jpg",
    "images": [
      "/images/grooming/grooming12.jpg"
    ],
    "operatingHours": { "start": "10:00", "end": "20:00" },
    "phone": "042-2345-6789",
    "priceList": [
      { "service": "탄산 스파", "small": 30000, "medium": 35000, "large": 40000 }
    ],
    "reviews": [
      { "id": 1, "author": "대전시민", "rating": 5, "content": "스파하고 나니 털에서 윤기가 나요." }
    ]
  },
  {
    "id": 13,
    "name": "스타일독",
    "address": "서울시 송파구 잠실동",
    "latitude": 37.5113,
    "longitude": 127.0844,
    "rating": 4.6,
    "services": ["스타일링", "전체미용", "강아지"],
    "description": "견종별 맞춤 스타일링과 가위컷 전문. 쇼미용 경력의 원장님이 직접 시술합니다.",
    "price": 90000,
    "image": "/images/grooming/grooming13.jpg",
    "images": [
      "/images/grooming/grooming13.jpg"
    ],
    "operatingHours": { "start": "10:00", "end": "19:00" },
    "phone": "02-3456-7890",
    "priceList": [
      { "service": "가위컷", "small": 90000, "medium": 110000, "large": 130000 }
    ],
    "reviews": [
      { "id": 1, "author": "비숑맘", "rating": 5, "content": "가위컷 라인이 예술이에요. 역시 전문가는 다르네요." }
    ]
  },
  {
    "id": 14,
    "name": "야옹아 씻자",
    "address": "경기도 수원시 팔달구 인계동",
    "latitude": 37.2721,
    "longitude": 127.0312,
    "rating": 4.9,
    "services": ["고양이전문", "목욕", "부분미용"],
    "description": "고양이 집사 미용사가 운영하는 스트레스 없는 고양이 전용 목욕 및 미용실.",
    "price": 80000,
    "image": "/images/grooming/grooming14.jpg",
    "images": [
      "/images/grooming/grooming14.jpg"
    ],
    "operatingHours": { "start": "11:00", "end": "19:00" },
    "phone": "031-4567-8901",
    "priceList": [
      { "service": "고양이 목욕", "small": 80000, "medium": null, "large": null }
    ],
    "reviews": [
      { "id": 1, "author": "수원집사", "rating": 5, "content": "고양이를 정말 잘 다루세요. 믿고 맡깁니다." }
    ]
  },
  {
    "id": 15,
    "name": "우리동네 펫케어",
    "address": "서울시 노원구 상계동",
    "latitude": 37.6551,
    "longitude": 127.0742,
    "rating": 4.5,
    "services": ["부분미용", "목욕", "강아지", "네일케어"],
    "description": "친절하고 꼼꼼한 케어로 동네에서 입소문 난 애견미용실입니다.",
    "price": 55000,
    "image": "/images/grooming/grooming15.jpg",
    "images": [
      "/images/grooming/grooming15.jpg"
    ],
    "operatingHours": { "start": "09:00", "end": "20:00" },
    "phone": "02-5678-9012",
    "priceList": [
      { "service": "부분 미용", "small": 35000, "medium": 45000, "large": 55000 }
    ],
    "reviews": [
      { "id": 1, "author": "노원주민", "rating": 4, "content": "사장님이 정말 친절하시고 강아지를 예뻐해주세요." }
    ]
  },
  {
    "id": 16,
    "name": "도그앤캣 뷰티라운지",
    "address": "울산시 남구 삼산동",
    "latitude": 35.5386,
    "longitude": 129.3359,
    "rating": 4.7,
    "services": ["전체미용", "스파", "강아지", "고양이"],
    "description": "넓고 쾌적한 환경에서 강아지와 고양이 모두 케어받을 수 있는 뷰티 라운지입니다.",
    "price": 75000,
    "image": "/images/grooming/grooming16.jpg",
    "images": [
      "/images/grooming/grooming16.jpg"
    ],
    "operatingHours": { "start": "10:00", "end": "21:00" },
    "phone": "052-6789-0123",
    "priceList": [
      { "service": "전체 미용", "small": 75000, "medium": 90000, "large": 110000 }
    ],
    "reviews": [
      { "id": 1, "author": "울산시민", "rating": 5, "content": "시설이 정말 깨끗하고 좋아요." }
    ]
  },
  {
    "id": 17,
    "name": "퍼펙트 그루밍",
    "address": "서울시 서초구 반포동",
    "latitude": 37.5061,
    "longitude": 127.0037,
    "rating": 4.8,
    "services": ["스타일링", "무마취 미용", "강아지", "스파"],
    "description": "견종의 특성과 모질을 고려한 완벽한 스타일을 만들어 드립니다.",
    "price": 110000,
    "image": "/images/grooming/grooming17.jpg",
    "images": [
      "/images/grooming/grooming17.jpg"
    ],
    "operatingHours": { "start": "10:00", "end": "19:00" },
    "phone": "02-7890-1234",
    "priceList": [
      { "service": "쇼미용 스타일링", "small": 110000, "medium": 140000, "large": 170000 }
    ],
    "reviews": [
      { "id": 1, "author": "서초맘", "rating": 5, "content": "차원이 다른 퀄리티. 비싸지만 만족해요." }
    ]
  },
  {
    "id": 18,
    "name": "해피테일즈",
    "address": "제주도 제주시 연동",
    "latitude": 33.4890,
    "longitude": 126.4983,
    "rating": 4.9,
    "services": ["전체미용", "목욕", "강아지", "마사지"],
    "description": "제주도의 자연을 닮은 편안한 분위기에서 반려동물에게 행복한 시간을 선물하세요.",
    "price": 65000,
    "image": "/images/grooming/grooming18.jpg",
    "images": [
      "/images/grooming/grooming18.jpg"
    ],
    "operatingHours": { "start": "10:00", "end": "18:00" },
    "phone": "064-8901-2345",
    "priceList": [
      { "service": "전체 미용", "small": 65000, "medium": 75000, "large": 85000 }
    ],
    "reviews": [
      { "id": 1, "author": "제주도민", "rating": 5, "content": "제주도에서 이런 곳을 찾다니! 너무 좋아요." }
    ]
  },
  {
    "id": 19,
    "name": "미스터 캣",
    "address": "부산시 부산진구 서면",
    "latitude": 35.1578,
    "longitude": 129.0591,
    "rating": 4.8,
    "services": ["고양이전문", "무마취 미용", "네일케어"],
    "description": "까다로운 고양이도 안심하고 맡길 수 있는 고양이 전문 베테랑 미용사가 케어합니다.",
    "price": 95000,
    "image": "/images/grooming/grooming19.jpg",
    "images": [
      "/images/grooming/grooming19.jpg"
    ],
    "operatingHours": { "start": "11:00", "end": "20:00" },
    "phone": "051-9012-3456",
    "priceList": [
      { "service": "고양이 무마취 미용", "small": 130000, "medium": null, "large": null }
    ],
    "reviews": [
      { "id": 1, "author": "서면고양이", "rating": 5, "content": "실력 좋으신 건 말할 것도 없고 정말 친절하세요." }
    ]
  },
  {
    "id": 20,
    "name": "강아지 숲",
    "address": "경기도 파주시",
    "latitude": 37.7990,
    "longitude": 126.7520,
    "rating": 4.6,
    "services": ["부분미용", "스파", "강아지"],
    "description": "자연 친화적인 제품만을 사용하며, 미용 후에는 작은 놀이터에서 뛰어놀 수 있습니다.",
    "price": 68000,
    "image": "/images/grooming/grooming20.jpg",
    "images": [
      "/images/grooming/grooming20.jpg"
    ],
    "operatingHours": { "start": "10:00", "end": "19:00" },
    "phone": "031-0123-4567",
    "priceList": [
      { "service": "부분 미용 + 스파", "small": 68000, "medium": 78000, "large": 88000 }
    ],
    "reviews": [
      { "id": 1, "author": "파주댁", "rating": 4, "content": "미용하고 놀이터에서 신나게 놀다 왔어요." }
    ]
  },
  {
    "id": 21,
    "name": "펫 패셔니스타",
    "address": "서울시 강남구 청담동",
    "latitude": 37.5246,
    "longitude": 127.0542,
    "rating": 5.0,
    "services": ["스타일링", "전체미용", "강아지", "네일케어"],
    "description": "유명 연예인들의 반려동물이 다니는 곳. 최고의 펫 스타일리스트들이 모여있습니다.",
    "price": 150000,
    "image": "/images/grooming/grooming21.jpg",
    "images": [
      "/images/grooming/grooming21.jpg"
    ],
    "operatingHours": { "start": "10:00", "end": "19:00" },
    "phone": "02-1234-5678",
    "priceList": [
      { "service": "원장님 스타일링", "small": 150000, "medium": 200000, "large": 250000 }
    ],
    "reviews": [
      { "id": 1, "author": "청담동며느리", "rating": 5, "content": "우리 아이가 연예인 된 기분이에요. 퀄리티가 달라요." }
    ]
  },
  {
    "id": 22,
    "name": "안심 펫 케어",
    "address": "세종특별자치시",
    "latitude": 36.4801,
    "longitude": 127.2890,
    "rating": 4.7,
    "services": ["무마취 미용", "목욕", "강아지", "고양이"],
    "description": "수의테크니션 출신 미용사가 운영하여 더욱 안심하고 맡길 수 있는 미용실입니다.",
    "price": 72000,
    "image": "/images/grooming/grooming22.jpg",
    "images": [
      "/images/grooming/grooming22.jpg"
    ],
    "operatingHours": { "start": "09:30", "end": "18:30" },
    "phone": "044-2345-6789",
    "priceList": [
      { "service": "강아지 무마취 미용", "small": 90000, "medium": 110000, "large": null }
    ],
    "reviews": [
      { "id": 1, "author": "세종맘", "rating": 5, "content": "의료 지식이 있으셔서 그런지 더 믿음이 가고 안심돼요." }
    ]
  }
]