[
  {
    "id": 1,
    "name": "튼튼 동물병원",
    "address": "서울시 강남구 역삼동",
    "lat": 37.501,
    "lng": 127.037,
    "rating": 4.8,
    "reviews": 250,
    "services": ["24시 응급", "내과", "외과", "치과", "MRI/CT"],
    "description": "24시간 응급 진료가 가능한 강남의 대표 동물병원입니다. 최신 의료 장비를 갖추고 있습니다.",
    "hours": "24시간 연중무휴",
    "phone": "02-123-4567",
    "emergencyPhone": "02-123-1199",
    "image": "/images/hospital/hospital1.jpg",
    "images": [
      "/images/hospital/hospital1.jpg",
      "https://picsum.photos/seed/hospital1_1/800/600"
    ],
    "targetAnimals": ["강아지", "고양이"]
  },
  {
    "id": 2,
    "name": "해피펫 동물병원",
    "address": "서울시 마포구 서교동",
    "lat": 37.555,
    "lng": 126.925,
    "rating": 4.7,
    "reviews": 180,
    "services": ["내과", "외과", "피부과", "예방접종"],
    "description": "반려동물의 마음까지 헤아리는 따뜻한 진료를 약속합니다. 피부과 진료 전문입니다.",
    "hours": "평일 09:00 - 19:00, 토요일 09:00 - 15:00",
    "phone": "02-321-7890",
    "image": "/images/hospital/hospital2.jpg",
    "images": [
      "/images/hospital/hospital2.jpg"
    ],
    "targetAnimals": ["강아지", "고양이"]
  },
  {
    "id": 3,
    "name": "이그조틱 동물병원",
    "address": "경기도 고양시 일산동구",
    "lat": 37.658,
    "lng": 126.77,
    "rating": 4.9,
    "reviews": 95,
    "services": ["특수동물", "내과", "외과"],
    "description": "토끼, 고슴도치, 파충류 등 특수동물을 전문적으로 진료하는 병원입니다.",
    "hours": "10:00 - 18:00 (예약 필수)",
    "phone": "031-987-6543",
    "image": "/images/hospital/hospital3.jpg",
    "images": [
      "/images/hospital/hospital3.jpg"
    ],
    "targetAnimals": ["특수동물", "강아지", "고양이"]
  }
]