[
  {
    "id": 1,
    "name": "튼튼 동물병원",
    "address": "서울시 강남구 테헤란로 123",
    "phone": "02-1234-5678",
    "hours": "평일 09:00 - 19:00, 주말 10:00 - 17:00",
    "rating": 4.5,
    "services": ["내과", "외과", "피부과", "예방접종"],
    "image": "/images/hospitals/hospital1.jpg"
  },
  {
    "id": 2,
    "name": "행복 동물병원",
    "address": "서울시 서초구 반포대로 456",
    "phone": "02-9876-5432",
    "hours": "24시간 연중무휴",
    "rating": 4.8,
    "services": ["응급진료", "슬개골 탈구 수술 전문", "고양이 전문"],
    "image": "/images/hospitals/hospital2.jpg"
  }
]