[
  {
    "id": 1,
    "name": "팰리스 펫 호텔",
    "address": "서울시 강남구 청담동",
    "lat": 37.524,
    "lng": 127.048,
    "rating": 4.9,
    "reviews": 210,
    "services": ["24시간 상주", "개별 룸", "수영장", "펫 스파", "픽업 서비스"],
    "description": "최고급 시설을 자랑하는 럭셔리 펫 호텔입니다. 전문 펫시터가 24시간 상주하며 케어합니다.",
    "pricePerNight": 120000,
    "image": "/images/hotel/hotel1.jpg",
    "images": [
      "/images/hotel/hotel1.jpg",
      "https://picsum.photos/seed/hotel1_1/800/600",
      "https://picsum.photos/seed/hotel1_2/800/600"
    ],
    "operatingHours": { "start": "00:00", "end": "24:00" },
    "phone": "02-555-1234",
    "targetAnimals": ["강아지", "고양이"]
  },
  {
    "id": 2,
    "name": "멍냥이네 집",
    "address": "경기도 파주시",
    "lat": 37.76,
    "lng": 126.77,
    "rating": 4.7,
    "reviews": 150,
    "services": ["넓은 운동장", "가정집 환경", "소수 정예", "산책 서비스"],
    "description": "가정집처럼 편안한 환경을 제공하는 소규모 펫 호텔입니다. 넓은 마당에서 마음껏 뛰어놀 수 있어요.",
    "pricePerNight": 70000,
    "image": "/images/hotel/hotel2.jpg",
    "images": [
      "/images/hotel/hotel2.jpg",
      "https://picsum.photos/seed/hotel2_1/800/600"
    ],
    "operatingHours": { "start": "09:00", "end": "20:00" },
    "phone": "031-999-8888",
    "targetAnimals": ["강아지"]
  },
  {
    "id": 3,
    "name": "캣츠 빌리지",
    "address": "서울시 마포구 연남동",
    "lat": 37.563,
    "lng": 126.925,
    "rating": 4.8,
    "reviews": 180,
    "services": ["고양이 전용", "개별 캣타워", "수직 공간", "채광 좋은 방"],
    "description": "오직 고양이만을 위한 호텔입니다. 고양이의 습성을 고려한 최고의 시설을 갖추고 있습니다.",
    "pricePerNight": 85000,
    "image": "/images/hotel/hotel3.jpg",
    "images": [
      "/images/hotel/hotel3.jpg"
    ],
    "operatingHours": { "start": "10:00", "end": "19:00" },
    "phone": "02-333-7777",
    "targetAnimals": ["고양이"]
  }
]