[
  {
    "id": 1,
    "name": "퓨리나 프로플랜 퍼포먼스 강아지 사료",
    "description": "활동량이 많은 성견을 위한 고단백 사료입니다. 균형 잡힌 영양소로 건강한 성장을 도와줍니다.",
    "price": 55000,
    "category": "사료",
    "imageUrl": "https://images.unsplash.com/photo-1589924691995-400dc9ecc119?w=400",
    "stock": 100,
    "isFeatured": true,
    "isBest": true,
    "brand": "퓨리나",
    "rating": 4.8,
    "reviewCount": 120,
    "createdAt": "2024-01-01T00:00:00Z"
  },
  {
    "id": 2,
    "name": "템테이션 고양이 간식 참치맛",
    "description": "고양이들이 환장하는 바삭하고 부드러운 간식입니다. 참치의 진짜 맛을 담았습니다.",
    "price": 8000,
    "category": "간식",
    "imageUrl": "https://images.unsplash.com/photo-1574144611937-0df059b5ef3e?w=400",
    "stock": 250,
    "isFeatured": false,
    "isBest": true,
    "brand": "템테이션",
    "rating": 4.9,
    "reviewCount": 300,
    "createdAt": "2024-01-02T00:00:00Z"
  },
  {
    "id": 3,
    "name": "하울팟 강아지 노즈워크 장난감",
    "description": "분리불안 해소에 도움을 주는 똑똑한 노즈워크 장난감입니다. 지능 발달에 좋습니다.",
    "price": 28000,
    "category": "장난감",
    "imageUrl": "https://images.unsplash.com/photo-1601758228041-f3b2795255f1?w=400",
    "stock": 70,
    "isFeatured": true,
    "isBest": true,
    "brand": "하울팟",
    "rating": 4.7,
    "reviewCount": 80,
    "createdAt": "2024-01-03T00:00:00Z"
  },
  {
    "id": 4,
    "name": "도비 강아지 배변패드 특대형",
    "description": "흡수력 좋은 대용량 배변패드입니다. 냄새 걱정 끝! 대형견도 사용 가능합니다.",
    "price": 22000,
    "category": "위생용품",
    "imageUrl": "https://images.unsplash.com/photo-1583337130417-3346a1be7dee?w=400",
    "stock": 150,
    "isFeatured": false,
    "isBest": false,
    "brand": "도비",
    "rating": 4.5,
    "reviewCount": 150,
    "createdAt": "2024-01-04T00:00:00Z"
  },
  {
    "id": 5,
    "name": "페토이 고양이 캣타워 5단",
    "description": "튼튼하고 안정적인 고양이 캣타워입니다. 스크래쳐 포함으로 고양이가 좋아합니다.",
    "price": 120000,
    "category": "용품",
    "imageUrl": "https://images.unsplash.com/photo-1551717743-49959800b1f6?w=400",
    "stock": 30,
    "isFeatured": true,
    "isBest": false,
    "brand": "페토이",
    "rating": 4.6,
    "reviewCount": 60,
    "createdAt": "2024-01-05T00:00:00Z"
  },
  {
    "id": 6,
    "name": "로얄캐닌 고양이 사료 실내용",
    "description": "실내에서 생활하는 고양이를 위한 전용 사료입니다. 털뭉치 배출에 도움을 줍니다.",
    "price": 45000,
    "category": "사료",
    "imageUrl": "https://images.unsplash.com/photo-1592194996308-7b43878e84a6?w=400",
    "stock": 80,
    "isFeatured": true,
    "isBest": false,
    "brand": "로얄캐닌",
    "rating": 4.7,
    "reviewCount": 95,
    "createdAt": "2024-01-06T00:00:00Z"
  },
  {
    "id": 7,
    "name": "콩지 강아지 치킨 간식",
    "description": "100% 국내산 닭가슴살로 만든 건강한 간식입니다. 첨가물 없이 자연 그대로입니다.",
    "price": 12000,
    "category": "간식",
    "imageUrl": "https://images.unsplash.com/photo-1587300003388-59208cc962cb?w=400",
    "stock": 200,
    "isFeatured": false,
    "isBest": true,
    "brand": "콩지",
    "rating": 4.8,
    "reviewCount": 180,
    "createdAt": "2024-01-07T00:00:00Z"
  },
  {
    "id": 8,
    "name": "펫모닝 고양이 터널 장난감",
    "description": "고양이가 좋아하는 터널형 장난감입니다. 접을 수 있어 보관이 편리합니다.",
    "price": 15000,
    "category": "장난감",
    "imageUrl": "https://images.unsplash.com/photo-1548199973-03cce0bbc87b?w=400",
    "stock": 120,
    "isFeatured": false,
    "isBest": false,
    "brand": "펫모닝",
    "rating": 4.4,
    "reviewCount": 65,
    "createdAt": "2024-01-08T00:00:00Z"
  },
  {
    "id": 9,
    "name": "바이오펫 강아지 샴푸",
    "description": "민감한 피부를 가진 강아지를 위한 순한 샴푸입니다. 천연 성분으로 안전합니다.",
    "price": 18000,
    "category": "위생용품",
    "imageUrl": "https://images.unsplash.com/photo-1601758228041-f3b2795255f1?w=400",
    "stock": 90,
    "isFeatured": true,
    "isBest": false,
    "brand": "바이오펫",
    "rating": 4.6,
    "reviewCount": 110,
    "createdAt": "2024-01-09T00:00:00Z"
  },
  {
    "id": 10,
    "name": "펫플러스 강아지 목줄 세트",
    "description": "편안하고 안전한 강아지 목줄과 리드줄 세트입니다. 다양한 색상으로 제공됩니다.",
    "price": 25000,
    "category": "용품",
    "imageUrl": "https://images.unsplash.com/photo-1574144611937-0df059b5ef3e?w=400",
    "stock": 60,
    "isFeatured": false,
    "isBest": false,
    "brand": "펫플러스",
    "rating": 4.3,
    "reviewCount": 45,
    "createdAt": "2024-01-10T00:00:00Z"
  }
]